<?xml version="1.0" encoding="UTF-8"?>
<gmd:MD_Metadata xsi:schemaLocation="http://www.isotc211.org/2005/gmd http://schemas.opengis.net/iso/19139/20060504/gmd/gmd.xsd" xmlns:gmd="http://www.isotc211.org/2005/gmd" xmlns:xsi="http://www.w3.org/2001/XMLSchema-instance"><gmd:fileIdentifier><gco:CharacterString xmlns:gco="http://www.isotc211.org/2005/gco">749265755</gco:CharacterString></gmd:fileIdentifier><gmd:language><gco:CharacterString xmlns:gco="http://www.isotc211.org/2005/gco">eng; CAN</gco:CharacterString></gmd:language><gmd:characterSet><gmd:MD_CharacterSetCode codeList="http://www.isotc211.org/2005/resources/Codelist/gmxCodelists.xml#MD_CharacterSetCode" codeListValue="utf8" codeSpace="004">utf8</gmd:MD_CharacterSetCode></gmd:characterSet><gmd:hierarchyLevel><gmd:MD_ScopeCode codeList="http://www.isotc211.org/2005/resources/Codelist/gmxCodelists.xml#MD_ScopeCode" codeListValue="MD_ScopeCode_series" codeSpace="005">MD_ScopeCode_series</gmd:MD_ScopeCode></gmd:hierarchyLevel><gmd:identificationInfo><gmd:MD_DataIdentification><gmd:citation><gmd:CI_Citation><gmd:title><gco:CharacterString xmlns:gco="http://www.isotc211.org/2005/gco">Cartographic Boundary Files (CBF), 2016 Census</gco:CharacterString></gmd:title><gmd:alternateTitle><gco:CharacterString xmlns:gco="http://www.isotc211.org/2005/gco">2016 Census CBF</gco:CharacterString></gmd:alternateTitle><gmd:date><gmd:CI_Date><gmd:date><gco:Date xmlns:gco="http://www.isotc211.org/2005/gco">2016-11-16</gco:Date></gmd:date><gmd:dateType><gmd:CI_DateTypeCode codeList="http://www.isotc211.org/2005/resources/Codelist/gmxCodelists.xml#CI_DateTypeCode" codeListValue="publication" codeSpace="002">publication</gmd:CI_DateTypeCode></gmd:dateType></gmd:CI_Date></gmd:date><gmd:edition><gco:CharacterString xmlns:gco="http://www.isotc211.org/2005/gco">2016</gco:CharacterString></gmd:edition><gmd:series><gmd:CI_Series><gmd:name><gco:CharacterString xmlns:gco="http://www.isotc211.org/2005/gco">Statistics Canada, Boundary Files</gco:CharacterString></gmd:name></gmd:CI_Series></gmd:series><gmd:citedResponsibleParty><gmd:CI_ResponsibleParty><gmd:organisationName><gco:CharacterString xmlns:gco="http://www.isotc211.org/2005/gco">Statistics Canada</gco:CharacterString></gmd:organisationName><gmd:contactInfo><gmd:CI_Contact><gmd:address><gmd:CI_Address><gmd:city><gco:CharacterString xmlns:gco="http://www.isotc211.org/2005/gco">Ottawa</gco:CharacterString></gmd:city><gmd:administrativeArea><gco:CharacterString xmlns:gco="http://www.isotc211.org/2005/gco">Ontario</gco:CharacterString></gmd:administrativeArea><gmd:country><gco:CharacterString xmlns:gco="http://www.isotc211.org/2005/gco">Canada</gco:CharacterString></gmd:country></gmd:CI_Address></gmd:address></gmd:CI_Contact></gmd:contactInfo><gmd:role><gmd:CI_RoleCode codeList="http://www.isotc211.org/2005/resources/Codelist/gmxCodelists.xml#CI_RoleCode" codeListValue="publisher" codeSpace="002">publisher</gmd:CI_RoleCode></gmd:role></gmd:CI_ResponsibleParty></gmd:citedResponsibleParty></gmd:CI_Citation></gmd:citation><gmd:abstract><gco:CharacterString xmlns:gco="http://www.isotc211.org/2005/gco">&lt;p&gt;This data series contains all the Cartographic Boundary Files (CBF) produced by Statistics Canada for the 2016 census. This includes the following datasets:&lt;/p&gt; &lt;ul&gt; &lt;li&gt;Aggregate Dissemination Areas&lt;/li&gt;&lt;li&gt;Census Agricultural Regions&lt;/li&gt; &lt;li&gt;Census Consolidated Subdivisions&lt;/li&gt; &lt;li&gt;Census Divisions&lt;/li&gt; &lt;li&gt;Census Metropolitan Areas &amp; Census Agglomerations&lt;/li&gt; &lt;li&gt;Census Subdivisions&lt;/li&gt; &lt;li&gt;Census Tracts&lt;/li&gt; &lt;li&gt;Designated Places&lt;/li&gt; &lt;li&gt;Dissemination Areas&lt;/li&gt; &lt;li&gt;Dissemination Blocks&lt;/li&gt; &lt;li&gt;Economic Regions&lt;/li&gt; &lt;li&gt;Federal Electoral Districts, 2013 Representation Order&lt;/li&gt; &lt;li&gt;Forward Sortation Areas (coming soon)&lt;/li&gt; &lt;li&gt;Population Centres&lt;/li&gt; &lt;li&gt;Population Ecumene Census Divisions&lt;/li&gt; &lt;li&gt;Provinces &amp; Territories&lt;/li&gt; &lt;/ul&gt;&lt;p&gt; Hydrographic reference files are also available as a single download. This download includes a Coastal file, Inland Lakes and Rivers file (polygon), and Inland Rivers file (line).&lt;/p&gt;</gco:CharacterString></gmd:abstract><gmd:purpose><gco:CharacterString xmlns:gco="http://www.isotc211.org/2005/gco">For reference and mapping purposes.</gco:CharacterString></gmd:purpose><gmd:status><gmd:MD_ProgressCode codeList="http://www.isotc211.org/2005/resources/Codelist/gmxCodelists.xml#MD_ProgressCode" codeListValue="completed" codeSpace="001">completed</gmd:MD_ProgressCode></gmd:status><gmd:environmentDescription><gco:CharacterString xmlns:gco="http://www.isotc211.org/2005/gco">Microsoft Windows XP Version 5.1 (Build 2600) Service Pack 3; ESRI ArcGIS 10.0.2.3200</gco:CharacterString></gmd:environmentDescription><gmd:spatialRepresentationType><gmd:MD_SpatialRepresentationTypeCode codeList="http://www.isotc211.org/2005/resources/Codelist/gmxCodelists.xml#MD_SpatialRepresentationTypeCode" codeListValue="vector" codeSpace="001">vector</gmd:MD_SpatialRepresentationTypeCode></gmd:spatialRepresentationType><gmd:language><gco:CharacterString xmlns:gco="http://www.isotc211.org/2005/gco">eng; can</gco:CharacterString></gmd:language><gmd:characterSet><gmd:MD_CharacterSetCode codeList="http://www.isotc211.org/2005/resources/Codelist/gmxCodelists.xml#MD_CharacterSetCode" codeListValue="utf8">utf8</gmd:MD_CharacterSetCode></gmd:characterSet><gmd:topicCategory><gmd:MD_TopicCategoryCode codeList="http://www.isotc211.org/2005/resources/Codelist/gmxCodelists.xml#MD_TopicCategory" codeListValue="boundaries" codeSpace="001">boundaries</gmd:MD_TopicCategoryCode></gmd:topicCategory><gmd:supplementalInformation><gco:CharacterString xmlns:gco="http://www.isotc211.org/2005/gco">Digital Boundary Files (DBF) depict the full extent of the geographical areas, including the coastal water area. Cartographic Boundary Files (CBF) depict the geographical areas using the shorelines of Canada and its coastal islands.</gco:CharacterString></gmd:supplementalInformation><gmd:resourceMaintenance><gmd:MD_MaintenanceInformation><gmd:maintenanceAndUpdateFrequency><gmd:MD_MaintenanceFrequencyCode codeList="http://www.isotc211.org/2005/resources/Codelist/gmxCodelists.xml#MD_MaintenanceFrequencyCode" codeListValue="unknown" codeSpace="006">unknown</gmd:MD_MaintenanceFrequencyCode></gmd:maintenanceAndUpdateFrequency></gmd:MD_MaintenanceInformation></gmd:resourceMaintenance><gmd:graphicOverview><gmd:MD_BrowseGraphic><gmd:fileName><gco:CharacterString xmlns:gco="http://www.isotc211.org/2005/gco">http://images.scholarsportal.info/gis/thumbnails/DLI/DLI_2016_Census_CBF_Fra_Nat_dr.png</gco:CharacterString></gmd:fileName><gmd:fileDescription><gco:CharacterString xmlns:gco="http://www.isotc211.org/2005/gco">Thumbnail</gco:CharacterString></gmd:fileDescription><gmd:fileType xsi:type="napm:napMD_FileFormatCode_PropertyType" codeList="http://www.geoconnections.org/nap/metadata/register/napMetadataRegister.xml#IC_115" codeListValue="RI_711"><gco:CharacterString xmlns:gco="http://www.isotc211.org/2005/gco">png</gco:CharacterString></gmd:fileType></gmd:MD_BrowseGraphic></gmd:graphicOverview><gmd:extent><gmd:EX_Extent><gmd:geographicElement><gmd:EX_GeographicBoundingBox><gmd:westBoundLongitude><gco:Decimal xmlns:gco="http://www.isotc211.org/2005/gco">-141.018073</gco:Decimal></gmd:westBoundLongitude><gmd:eastBoundLongitude><gco:Decimal xmlns:gco="http://www.isotc211.org/2005/gco">-52.619409</gco:Decimal></gmd:eastBoundLongitude><gmd:southBoundLatitude><gco:Decimal xmlns:gco="http://www.isotc211.org/2005/gco">41.681435</gco:Decimal></gmd:southBoundLatitude><gmd:northBoundLatitude><gco:Decimal xmlns:gco="http://www.isotc211.org/2005/gco">83.135503</gco:Decimal></gmd:northBoundLatitude><boundingbox><area>3664.48422856515</area><upperleft><Point xmlns="http://earth.google.com/kml/2.0"><coordinates>-141.018073,83.135503</coordinates></Point></upperleft><upperright><Point xmlns="http://earth.google.com/kml/2.0"><coordinates>-52.619409,83.135503</coordinates></Point></upperright><lowerleft><Point xmlns="http://earth.google.com/kml/2.0"><coordinates>-141.018073,41.681435</coordinates></Point></lowerleft><lowerright><Point xmlns="http://earth.google.com/kml/2.0"><coordinates>-52.619409,41.681435</coordinates></Point></lowerright></boundingbox></gmd:EX_GeographicBoundingBox></gmd:geographicElement><gmd:temporalElement/><gmd:description><gmd:CharacterString>Extent description</gmd:CharacterString></gmd:description></gmd:EX_Extent></gmd:extent><gmd:resourceConstraints><gmd:MD_Constraints/><gmd:MD_LegalConstraints><gmd:accessConstraints><gmd:MD_RestrictionCode codeList="http://www.isotc211.org/2005/resources/Codelist/gmxCodelists.xml#MD_RestrictionCode" codeListValue="license" codeSpace="008">license</gmd:MD_RestrictionCode></gmd:accessConstraints><gmd:useConstraints><gmd:MD_RestrictionCode codeList="http://www.isotc211.org/2005/resources/Codelist/gmxCodelists.xml#MD_RestrictionCode" codeListValue="otherRestrictions" codeSpace="008">otherRestrictions</gmd:MD_RestrictionCode></gmd:useConstraints><gmd:otherConstraints><gco:CharacterString xmlns:gco="http://www.isotc211.org/2005/gco">All rights reserved. Use of this publication is governed by the Statistics Canada Open Licence Agreement: http://www.statcan.gc.ca/reference/licence-eng.html</gco:CharacterString></gmd:otherConstraints></gmd:MD_LegalConstraints></gmd:resourceConstraints><gmd:descriptiveKeywords><gmd:MD_Keywords><gmd:keyword><gco:CharacterString xmlns:gco="http://www.isotc211.org/2005/gco">Census 2016</gco:CharacterString></gmd:keyword><gmd:keyword><gco:CharacterString xmlns:gco="http://www.isotc211.org/2005/gco">Population</gco:CharacterString></gmd:keyword><gmd:keyword><gco:CharacterString xmlns:gco="http://www.isotc211.org/2005/gco">Demographics</gco:CharacterString></gmd:keyword><gmd:keyword><gco:CharacterString xmlns:gco="http://www.isotc211.org/2005/gco">Census</gco:CharacterString></gmd:keyword><gmd:keyword><gco:CharacterString xmlns:gco="http://www.isotc211.org/2005/gco">Cartography</gco:CharacterString></gmd:keyword><gmd:keyword><gco:CharacterString xmlns:gco="http://www.isotc211.org/2005/gco">Mapping</gco:CharacterString></gmd:keyword><gmd:type><gmd:MD_KeywordTypeCode codeList="http://www.isotc211.org/2005/resources/Codelist/gmxCodelists.xml#MD_KeywordTypeCode" codeListValue="theme" codeSpace="005">theme</gmd:MD_KeywordTypeCode></gmd:type><gmd:thesaurusName><gmd:CI_Citation><gmd:title><gco:CharacterString xmlns:gco="http://www.isotc211.org/2005/gco">NA</gco:CharacterString></gmd:title><gmd:date><gmd:CI_Date><gmd:date><gco:Date xmlns:gco="http://www.isotc211.org/2005/gco"/></gmd:date></gmd:CI_Date></gmd:date></gmd:CI_Citation></gmd:thesaurusName></gmd:MD_Keywords></gmd:descriptiveKeywords><gmd:descriptiveKeywords><gmd:MD_Keywords><gmd:keyword><gco:CharacterString xmlns:gco="http://www.isotc211.org/2005/gco">Administration</gco:CharacterString></gmd:keyword><gmd:keyword><gco:CharacterString xmlns:gco="http://www.isotc211.org/2005/gco">Boundaries</gco:CharacterString></gmd:keyword><gmd:keyword><gco:CharacterString xmlns:gco="http://www.isotc211.org/2005/gco">Census data</gco:CharacterString></gmd:keyword><gmd:keyword><gco:CharacterString xmlns:gco="http://www.isotc211.org/2005/gco">Census</gco:CharacterString></gmd:keyword><gmd:keyword><gco:CharacterString xmlns:gco="http://www.isotc211.org/2005/gco">Données du recensement</gco:CharacterString></gmd:keyword><gmd:keyword><gco:CharacterString xmlns:gco="http://www.isotc211.org/2005/gco">Recensement</gco:CharacterString></gmd:keyword><gmd:keyword><gco:CharacterString xmlns:gco="http://www.isotc211.org/2005/gco">Frontière</gco:CharacterString></gmd:keyword><gmd:type><gmd:MD_KeywordTypeCode codeList="http://www.isotc211.org/2005/resources/Codelist/gmxCodelists.xml#MD_KeywordTypeCode" codeListValue="theme" codeSpace="005">theme</gmd:MD_KeywordTypeCode></gmd:type><gmd:thesaurusName><gmd:CI_Citation><gmd:title><gco:CharacterString xmlns:gco="http://www.isotc211.org/2005/gco">Government of Canada Core Subject Thesaurus</gco:CharacterString></gmd:title><gmd:date><gmd:CI_Date><gmd:date><gco:Date xmlns:gco="http://www.isotc211.org/2005/gco">May 16, 2011</gco:Date></gmd:date><gmd:dateType><gmd:CI_DateTypeCode codeList="http://www.geoconnections.org/nap/metadata/register/napMetadataRegister.xml#IC_87" codeListValue="RI_366">revision</gmd:CI_DateTypeCode></gmd:dateType></gmd:CI_Date></gmd:date><gmd:citedResponsibleParty><gmd:CI_ResponsibleParty><gmd:organisationName><gco:CharacterString xmlns:gco="http://www.isotc211.org/2005/gco">Library and Archives Canada</gco:CharacterString></gmd:organisationName><gmd:role><gmd:CI_RoleCode codeList="http://www.geoconnections.org/nap/metadata/register/napMetadataRegister.xml#IC_90" codeListValue="RI_414">originator</gmd:CI_RoleCode></gmd:role></gmd:CI_ResponsibleParty></gmd:citedResponsibleParty></gmd:CI_Citation></gmd:thesaurusName></gmd:MD_Keywords></gmd:descriptiveKeywords><gmd:descriptiveKeywords><gmd:MD_Keywords><gmd:keyword><gco:CharacterString xmlns:gco="http://www.isotc211.org/2005/gco">Continent &gt; North America &gt; Canada &gt; Ontario</gco:CharacterString></gmd:keyword><gmd:type><gmd:MD_KeywordTypeCode codeList="http://www.isotc211.org/2005/resources/Codelist/gmxCodelists.xml#MD_KeywordTypeCode" codeListValue="place" codeSpace="ISOTC211/19115">place</gmd:MD_KeywordTypeCode></gmd:type><gmd:thesaurusName><gmd:CI_Citation><gmd:title><gco:CharacterString xmlns:gco="http://www.isotc211.org/2005/gco">Global Change Master Directory (GCMD) Location Keywords</gco:CharacterString></gmd:title><gmd:date><gmd:CI_Date><gmd:date><gco:Date xmlns:gco="http://www.isotc211.org/2005/gco">2007</gco:Date></gmd:date><gmd:dateType><gmd:CI_DateTypeCode codeList="http://www.isotc211.org/2005/resources/Codelist/gmxCodelists.xml#CI_DateTypeCode" codeListValue="creation">creation</gmd:CI_DateTypeCode></gmd:dateType></gmd:CI_Date></gmd:date><gmd:citedResponsibleParty><gmd:CI_ResponsibleParty><gmd:organisationName><gco:CharacterString xmlns:gco="http://www.isotc211.org/2005/gco">NASA/Global Change Master Directory (GCMD)</gco:CharacterString></gmd:organisationName><gmd:role><gmd:CI_RoleCode codeList="http://www.isotc211.org/2005/resources/Codelist/gmxCodelists.xml#CI_RoleCode" codeListValue="originator">originator</gmd:CI_RoleCode></gmd:role></gmd:CI_ResponsibleParty></gmd:citedResponsibleParty></gmd:CI_Citation></gmd:thesaurusName></gmd:MD_Keywords></gmd:descriptiveKeywords></gmd:MD_DataIdentification></gmd:identificationInfo><gmd:dateStamp><gco:Date xmlns:gco="http://www.isotc211.org/2005/gco">2017-06-09</gco:Date></gmd:dateStamp><gmd:metadataStandardName><gco:CharacterString xmlns:gco="http://www.isotc211.org/2005/gco">
            North American Profile of ISO19115:2003 - Geographic Information
        </gco:CharacterString></gmd:metadataStandardName><gmd:metadataStandardVersion><gco:CharacterString xmlns:gco="http://www.isotc211.org/2005/gco">2009</gco:CharacterString></gmd:metadataStandardVersion><gmd:referenceSystemInfo><gmd:MD_ReferenceSystem><gmd:referenceSystemIdentifier><gmd:RS_Identifier><gmd:code><gco:CharacterString xmlns:gco="http://www.isotc211.org/2005/gco">4269</gco:CharacterString></gmd:code><gmd:codeSpace><gco:CharacterString xmlns:gco="http://www.isotc211.org/2005/gco">http://www.epsg-registry.org/</gco:CharacterString></gmd:codeSpace></gmd:RS_Identifier></gmd:referenceSystemIdentifier></gmd:MD_ReferenceSystem></gmd:referenceSystemInfo><gmd:contact><gmd:CI_ResponsibleParty><gmd:organisationName><gco:CharacterString xmlns:gco="http://www.isotc211.org/2005/gco">Scholars Portal</gco:CharacterString></gmd:organisationName><gmd:contactInfo><gmd:CI_Contact><gmd:address><gmd:CI_Address><gmd:city><gco:CharacterString xmlns:gco="http://www.isotc211.org/2005/gco">Toronto</gco:CharacterString></gmd:city><gmd:administrativeArea><gco:CharacterString xmlns:gco="http://www.isotc211.org/2005/gco">Ontario</gco:CharacterString></gmd:administrativeArea><gmd:country><gco:CharacterString xmlns:gco="http://www.isotc211.org/2005/gco">Canada</gco:CharacterString></gmd:country></gmd:CI_Address></gmd:address><gmd:onlineResource><gmd:CI_OnlineResource><gmd:linkage><gmd:URL>http://scholarsportal.info</gmd:URL></gmd:linkage></gmd:CI_OnlineResource></gmd:onlineResource><gmd:contactInstructions><gco:CharacterString xmlns:gco="http://www.isotc211.org/2005/gco">datagis@scholarsportal.info</gco:CharacterString></gmd:contactInstructions></gmd:CI_Contact></gmd:contactInfo><gmd:role><gmd:CI_RoleCode codeList="http://www.isotc211.org/2005/resources/Codelist/gmxCodelists.xml#CI_RoleCode" codeListValue="pointOfContact" codeSpace="002">pointOfContact</gmd:CI_RoleCode></gmd:role></gmd:CI_ResponsibleParty></gmd:contact><gmd:spatialRepresentationInfo><gmd:MD_VectorSpatialRepresentation><gmd:geometricObjects><gmd:MD_GeometricObjects><gmd:geometricObjectType><gmd:MD_GeometricObjectTypeCode codeList="http://www.isotc211.org/2005/resources/Codelist/gmxCodelists.xml#MD_GeometricObjectTypeCode" codeListValue="curve" codeSpace="003">curve</gmd:MD_GeometricObjectTypeCode></gmd:geometricObjectType><gmd:geometricObjectCount><gco:Integer xmlns:gco="http://www.isotc211.org/2005/gco"/></gmd:geometricObjectCount></gmd:MD_GeometricObjects></gmd:geometricObjects></gmd:MD_VectorSpatialRepresentation></gmd:spatialRepresentationInfo><sp:sp-custom xmlns:sp="http://scholarsportal.info"><theme-keyword>Census 2016</theme-keyword><theme-keyword>Population</theme-keyword><theme-keyword>Demographics</theme-keyword><theme-keyword>Census</theme-keyword><theme-keyword>Cartography</theme-keyword><theme-keyword>Mapping</theme-keyword><theme-keyword-cst>Administration</theme-keyword-cst><theme-keyword-cst>Boundaries</theme-keyword-cst><theme-keyword-cst>Census data</theme-keyword-cst><theme-keyword-cst>Census</theme-keyword-cst><theme-keyword-cst>Données du recensement</theme-keyword-cst><theme-keyword-cst>Recensement</theme-keyword-cst><theme-keyword-cst>Frontière</theme-keyword-cst><place-category>Continent</place-category><place-type>North America</place-type><place-subregion1>Canada</place-subregion1><place-subregion2>Ontario</place-subregion2><sp:publish-date>2016-11-16</sp:publish-date><sp:publisher>Statistics Canada</sp:publisher><sp:spatialResolution/><userguides><guide><label>Reference Guide, 2016 Census</label><link>http:__maps.scholarsportal.info/files/PDFS/public/DLI/2016/92-160-g2016001-eng.pdf</link></guide><guide><label>Guide de référence, Recensement de 2016</label><link>http:__maps.scholarsportal.info/files/PDFS/public/DLI/2016/92-160-g2016001-fra.pdf</link></guide></userguides><externalguides><extguide><extlabel>Statistics Canada Website</extlabel><extlink>http://www.statcan.gc.ca/</extlink></extguide></externalguides><holdings/><notdownloadable>0</notdownloadable><notqueryable>0</notqueryable><sp:production-date>2017-08-24-04:00</sp:production-date></sp:sp-custom><gmd:distributionInfo><gmd:MD_Distribution><gmd:transferOptions><gmd:MD_DigitalTransferOptions><gmd:transferSize><gco:Real xmlns:gco="http://www.isotc211.org/2005/gco"/></gmd:transferSize><gmd:online><gmd:CI_OnlineResource><gmd:linkage><gmd:URL>/ArcGIS/rest/services/DLI/DLI_2016_Census_CBF_Eng_Nat_ada/MapServer</gmd:URL></gmd:linkage><gmd:protocol><gco:CharacterString xmlns:gco="http://www.isotc211.org/2005/gco">http</gco:CharacterString></gmd:protocol><gmd:description><gco:CharacterString xmlns:gco="http://www.isotc211.org/2005/gco">(vector) Tiled map service {Aggregate Dissemination Areas }&lt;uri:/NAP/DLI_2016_Census_CBF_Eng_Nat_ada.xml&gt;</gco:CharacterString></gmd:description></gmd:CI_OnlineResource></gmd:online><gmd:online><gmd:CI_OnlineResource><gmd:linkage><gmd:URL>/ArcGIS/rest/services/DLI/DLI_2016_Census_CBF_Eng_Nat_car/MapServer</gmd:URL></gmd:linkage><gmd:protocol><gco:CharacterString xmlns:gco="http://www.isotc211.org/2005/gco">http</gco:CharacterString></gmd:protocol><gmd:description><gco:CharacterString xmlns:gco="http://www.isotc211.org/2005/gco">(vector) Tiled map service {Census Agricultural Regions}&lt;uri:/NAP/DLI_2016_Census_CBF_Eng_Nat_car.xml&gt;</gco:CharacterString></gmd:description></gmd:CI_OnlineResource></gmd:online><gmd:online><gmd:CI_OnlineResource><gmd:linkage><gmd:URL>/ArcGIS/rest/services/DLI/DLI_2016_Census_CBF_Eng_Nat_ccs/MapServer</gmd:URL></gmd:linkage><gmd:protocol><gco:CharacterString xmlns:gco="http://www.isotc211.org/2005/gco">http</gco:CharacterString></gmd:protocol><gmd:description><gco:CharacterString xmlns:gco="http://www.isotc211.org/2005/gco">(vector) Tiled map service {Census Consolidated Subdivisions}&lt;uri:/NAP/DLI_2016_Census_CBF_Eng_Nat_ccs.xml&gt;</gco:CharacterString></gmd:description></gmd:CI_OnlineResource></gmd:online><gmd:online><gmd:CI_OnlineResource><gmd:linkage><gmd:URL>/ArcGIS/rest/services/DLI/DLI_2016_Census_CBF_Eng_Nat_cd/MapServer</gmd:URL></gmd:linkage><gmd:protocol><gco:CharacterString xmlns:gco="http://www.isotc211.org/2005/gco">http</gco:CharacterString></gmd:protocol><gmd:description><gco:CharacterString xmlns:gco="http://www.isotc211.org/2005/gco">(vector) Tiled map service{Census Divisions}&lt;uri:/NAP/DLI_2016_Census_CBF_Eng_Nat_cd.xml&gt;</gco:CharacterString></gmd:description></gmd:CI_OnlineResource></gmd:online><gmd:online><gmd:CI_OnlineResource><gmd:linkage><gmd:URL>/ArcGIS/rest/services/DLI/DLI_2016_Census_CBF_Eng_Nat_cma/MapServer</gmd:URL></gmd:linkage><gmd:protocol><gco:CharacterString xmlns:gco="http://www.isotc211.org/2005/gco">http</gco:CharacterString></gmd:protocol><gmd:description><gco:CharacterString xmlns:gco="http://www.isotc211.org/2005/gco">(vector) Tiled map service{Census Metropolitan Areas &amp; Census Agglomerations}&lt;uri:/NAP/DLI_2016_Census_CBF_Eng_Nat_cma.xml&gt;</gco:CharacterString></gmd:description></gmd:CI_OnlineResource></gmd:online><gmd:online><gmd:CI_OnlineResource><gmd:linkage><gmd:URL>/ArcGIS/rest/services/DLI/DLI_2016_Census_CBF_Eng_Nat_csd/MapServer</gmd:URL></gmd:linkage><gmd:protocol><gco:CharacterString xmlns:gco="http://www.isotc211.org/2005/gco">http</gco:CharacterString></gmd:protocol><gmd:description><gco:CharacterString xmlns:gco="http://www.isotc211.org/2005/gco">(vector) Tiled map service{Census Subdivisions}&lt;uri:/NAP/DLI_2016_Census_CBF_Eng_Nat_csd.xml&gt;</gco:CharacterString></gmd:description></gmd:CI_OnlineResource></gmd:online><gmd:online><gmd:CI_OnlineResource><gmd:linkage><gmd:URL>/ArcGIS/rest/services/DLI/DLI_2016_Census_CBF_Eng_Nat_ct/MapServer</gmd:URL></gmd:linkage><gmd:protocol><gco:CharacterString xmlns:gco="http://www.isotc211.org/2005/gco">http</gco:CharacterString></gmd:protocol><gmd:description><gco:CharacterString xmlns:gco="http://www.isotc211.org/2005/gco">(vector) Tiled map service{Census Tracts}&lt;uri:/NAP/DLI_2016_Census_CBF_Eng_Nat_ct.xml&gt;</gco:CharacterString></gmd:description></gmd:CI_OnlineResource></gmd:online><gmd:online><gmd:CI_OnlineResource><gmd:linkage><gmd:URL>/ArcGIS/rest/services/DLI/DLI_2016_Census_CBF_Eng_Nat_dpl/MapServer</gmd:URL></gmd:linkage><gmd:protocol><gco:CharacterString xmlns:gco="http://www.isotc211.org/2005/gco">http</gco:CharacterString></gmd:protocol><gmd:description><gco:CharacterString xmlns:gco="http://www.isotc211.org/2005/gco">(vector) Tiled map service{Designated Places}&lt;uri:/NAP/DLI_2016_Census_CBF_Eng_Nat_dpl.xml&gt;</gco:CharacterString></gmd:description></gmd:CI_OnlineResource></gmd:online><gmd:online><gmd:CI_OnlineResource><gmd:linkage><gmd:URL>/ArcGIS/rest/services/DLI/DLI_2016_Census_CBF_Eng_Nat_da/MapServer</gmd:URL></gmd:linkage><gmd:protocol><gco:CharacterString xmlns:gco="http://www.isotc211.org/2005/gco">http</gco:CharacterString></gmd:protocol><gmd:description><gco:CharacterString xmlns:gco="http://www.isotc211.org/2005/gco">(vector) Tiled map service{Dissemination Areas}&lt;uri:/NAP/DLI_2016_Census_CBF_Eng_Nat_da.xml&gt;</gco:CharacterString></gmd:description></gmd:CI_OnlineResource></gmd:online><gmd:online><gmd:CI_OnlineResource><gmd:linkage><gmd:URL>/ArcGIS/rest/services/DLI/DLI_2016_Census_CBF_Eng_Nat_db/MapServer</gmd:URL></gmd:linkage><gmd:protocol><gco:CharacterString xmlns:gco="http://www.isotc211.org/2005/gco">http</gco:CharacterString></gmd:protocol><gmd:description><gco:CharacterString xmlns:gco="http://www.isotc211.org/2005/gco">(vector) Tiled map service{Dissemination Blocks}&lt;uri:/NAP/DLI_2016_Census_CBF_Eng_Nat_db.xml&gt;</gco:CharacterString></gmd:description></gmd:CI_OnlineResource></gmd:online><gmd:online><gmd:CI_OnlineResource><gmd:linkage><gmd:URL>/ArcGIS/rest/services/DLI/DLI_2016_Census_CBF_Eng_Nat_er/MapServer</gmd:URL></gmd:linkage><gmd:protocol><gco:CharacterString xmlns:gco="http://www.isotc211.org/2005/gco">http</gco:CharacterString></gmd:protocol><gmd:description><gco:CharacterString xmlns:gco="http://www.isotc211.org/2005/gco">(vector) Tiled map service{Economic Regions}&lt;uri:/NAP/DLI_2016_Census_CBF_Eng_Nat_er.xml&gt;</gco:CharacterString></gmd:description></gmd:CI_OnlineResource></gmd:online><gmd:online><gmd:CI_OnlineResource><gmd:linkage><gmd:URL>/ArcGIS/rest/services/DLI/DLI_2016_Census_CBF_Eng_Nat_fed/MapServer</gmd:URL></gmd:linkage><gmd:protocol><gco:CharacterString xmlns:gco="http://www.isotc211.org/2005/gco">http</gco:CharacterString></gmd:protocol><gmd:description><gco:CharacterString xmlns:gco="http://www.isotc211.org/2005/gco">(vector) Tiled map service{Federal Electoral Districts, 2013 Representation Order}&lt;uri:/NAP/DLI_2016_Census_CBF_Eng_Nat_fed.xml&gt;</gco:CharacterString></gmd:description></gmd:CI_OnlineResource></gmd:online><gmd:online><gmd:CI_OnlineResource><gmd:linkage><gmd:URL>/ArcGIS/rest/services/DLI/DLI_2016_Census_CBF_Eng_Nat_pc/MapServer</gmd:URL></gmd:linkage><gmd:protocol><gco:CharacterString xmlns:gco="http://www.isotc211.org/2005/gco">http</gco:CharacterString></gmd:protocol><gmd:description><gco:CharacterString xmlns:gco="http://www.isotc211.org/2005/gco">(vector) Tiled map service{Population Centres}&lt;uri:/NAP/DLI_2016_Census_CBF_Eng_Nat_pc.xml&gt;</gco:CharacterString></gmd:description></gmd:CI_OnlineResource></gmd:online><gmd:online><gmd:CI_OnlineResource><gmd:linkage><gmd:URL>/ArcGIS/rest/services/DLI/DLI_2016_Census_CBF_Eng_Nat_ecu/MapServer</gmd:URL></gmd:linkage><gmd:protocol><gco:CharacterString xmlns:gco="http://www.isotc211.org/2005/gco">http</gco:CharacterString></gmd:protocol><gmd:description><gco:CharacterString xmlns:gco="http://www.isotc211.org/2005/gco">(vector) Tiled map service{Population Ecumene Census Divisions}&lt;uri:/NAP/DLI_2016_Census_CBF_Eng_Nat_ecu.xml&gt;</gco:CharacterString></gmd:description></gmd:CI_OnlineResource></gmd:online><gmd:online><gmd:CI_OnlineResource><gmd:linkage><gmd:URL>/ArcGIS/rest/services/DLI/DLI_2016_Census_CBF_Eng_Nat_pr/MapServer</gmd:URL></gmd:linkage><gmd:protocol><gco:CharacterString xmlns:gco="http://www.isotc211.org/2005/gco">http</gco:CharacterString></gmd:protocol><gmd:description><gco:CharacterString xmlns:gco="http://www.isotc211.org/2005/gco">(vector) Tiled map service{Provinces &amp; Territories}&lt;uri:/NAP/DLI_2016_Census_CBF_Eng_Nat_pr.xml&gt;</gco:CharacterString></gmd:description></gmd:CI_OnlineResource></gmd:online><gmd:online><gmd:CI_OnlineResource><gmd:linkage><gmd:URL>http:__maps.scholarsportal.info/files/zips/DLI/DLI_2016_Census_CBF_Eng_Nat_hydro.zip</gmd:URL></gmd:linkage><gmd:protocol><gco:CharacterString xmlns:gco="http://www.isotc211.org/2005/gco">file</gco:CharacterString></gmd:protocol><gmd:description><gco:CharacterString xmlns:gco="http://www.isotc211.org/2005/gco">(vector){Hydrographic Reference Files}</gco:CharacterString></gmd:description></gmd:CI_OnlineResource></gmd:online></gmd:MD_DigitalTransferOptions></gmd:transferOptions><gmd:distributor><gmd:MD_Distributor><gmd:distributorContact><gmd:CI_ResponsibleParty><gmd:organisationName><gco:CharacterString xmlns:gco="http://www.isotc211.org/2005/gco">Statistics Canada</gco:CharacterString></gmd:organisationName><gmd:contactInfo><gmd:CI_Contact><gmd:address><gmd:CI_Address><gmd:city><gco:CharacterString xmlns:gco="http://www.isotc211.org/2005/gco">Ottawa</gco:CharacterString></gmd:city><gmd:administrativeArea><gco:CharacterString xmlns:gco="http://www.isotc211.org/2005/gco">Ontario</gco:CharacterString></gmd:administrativeArea><gmd:country><gco:CharacterString xmlns:gco="http://www.isotc211.org/2005/gco">Canada</gco:CharacterString></gmd:country><gmd:linkage><gmd:URL>http://www.statcan.gc.ca/</gmd:URL></gmd:linkage></gmd:CI_Address></gmd:address><gmd:onlineResource><gmd:CI_OnlineResource><gmd:linkage><gmd:URL>http://www.statcan.gc.ca/</gmd:URL></gmd:linkage></gmd:CI_OnlineResource></gmd:onlineResource></gmd:CI_Contact></gmd:contactInfo><gmd:role><gmd:CI_RoleCode codeList="http://www.isotc211.org/2005/resources/Codelist/gmxCodelists.xml#CI_RoleCode" codeListValue="distributor" codeSpace="007">distributor</gmd:CI_RoleCode></gmd:role></gmd:CI_ResponsibleParty></gmd:distributorContact></gmd:MD_Distributor></gmd:distributor></gmd:MD_Distribution></gmd:distributionInfo><gmd:metadataMaintenance><gmd:MD_MaintenanceInformation><gmd:maintenanceNote><gco:CharacterString xmlns:gco="http://www.isotc211.org/2005/gco"/></gmd:maintenanceNote><gmd:contact><gmd:CI_ResponsibleParty><gmd:organisationName><gco:CharacterString xmlns:gco="http://www.isotc211.org/2005/gco">Scholars Portal, Ontario Council of University Libraries</gco:CharacterString></gmd:organisationName><gmd:contactInfo><gmd:CI_Contact><gmd:address><gmd:CI_Address><gmd:city><gco:CharacterString xmlns:gco="http://www.isotc211.org/2005/gco">Toronto</gco:CharacterString></gmd:city><gmd:administrativeArea><gco:CharacterString xmlns:gco="http://www.isotc211.org/2005/gco">Ontario</gco:CharacterString></gmd:administrativeArea><gmd:country><gco:CharacterString xmlns:gco="http://www.isotc211.org/2005/gco">Canada</gco:CharacterString></gmd:country></gmd:CI_Address></gmd:address></gmd:CI_Contact></gmd:contactInfo><gmd:role><gmd:CI_RoleCode codeList="http://www.isotc211.org/2005/resources/Codelist/gmxCodelists.xml#CI_RoleCode" codeListValue="pointOfContact" codeSpace="002">pointOfContact</gmd:CI_RoleCode></gmd:role></gmd:CI_ResponsibleParty></gmd:contact></gmd:MD_MaintenanceInformation></gmd:metadataMaintenance><gmd:dataQualityInfo><gmd:DQ_DataQuality><gmd:scope><gmd:DQ_Scope><gmd:level><gmd:MD_ScopeCode codeList="http://www.tc211.org/ISO19139/resources/codeList.xml#MD_ScopeCode" codeListValue="dataset">dataset</gmd:MD_ScopeCode></gmd:level></gmd:DQ_Scope></gmd:scope><gmd:lineage><gmd:LI_Lineage><gmd:statement><gco:CharacterString xmlns:gco="http://www.isotc211.org/2005/gco">The National Geographic Database (NGD) is a joint Statistics Canada-Elections Canada initiative to develop and maintain a spatial database which serves the needs of both organizations. The focus of the NGD is the continual improvement of quality and currency of spatial coverage using updates from provinces, territories and local sources. The native file used for the creation of the spatial files resides on Statistics Canada’s Spatial Data Infrastructure and was derived directly from data stored in the NGD environment.</gco:CharacterString></gmd:statement><gmd:source><gmd:LI_Source><gmd:description><gco:CharacterString xmlns:gco="http://www.isotc211.org/2005/gco">National Geographic Database (NGD), Statistics Canada and Elections Canada</gco:CharacterString></gmd:description></gmd:LI_Source></gmd:source><gmd:processStep><gmd:LI_ProcessStep><gmd:description><gco:CharacterString xmlns:gco="http://www.isotc211.org/2005/gco">For digital boundary file creation, spatial and attribute information were extracted using the lowest level of geography, also known as the basic block. Primary data manipulation of the product layers included preserving the geographic hierarchy of the attributes inherent within a geographic level. The basic block native file was copied into a SDE feature dataset and stored as a feature class to facilitate geo-processing (e.g., projecting, joins, transforming and verification operations). All of the higher level geographies were created from the basic block level.</gco:CharacterString></gmd:description></gmd:LI_ProcessStep></gmd:processStep></gmd:LI_Lineage></gmd:lineage></gmd:DQ_DataQuality></gmd:dataQualityInfo></gmd:MD_Metadata>
